{
	"ready_sim": {
		"orientation": {
			"w": 3.2004117663522442e-12,
			"x": 0.92395569946894829,
			"y": -0.38249949727920751,
			"z": 1.3249325839005789e-12
		},
		"position": {
			"x": 0.30701957005161057,
			"y": -5.2213296156100663e-12,
			"z": 0.59026955827664451
		}
	},
	"prova": {
		"orientation": {
			"w": 0.683,
			"x": 0.500,
			"y": 0.500,
			"z": -0.183
		},
		"position": {
			"x": 0.397,
			"y": 0.000,
			"z": 0.550
		}
	},
	"pick": {
		"orientation": {
			"w": 0.270598,
			"x": -0.653281,
			"y": 0.270598,
			"z": -0.653281
		},
		"position": {
			"x": 0.397,
			"y": 0.000,
			"z": 0.550
		}
	},
	"place": {
		"orientation": {
			"w": 0.707107,
			"x": 0.0,
			"y": 0.0,
			"z": 0.707107
		},
		"position": {
			"x": 0.0,
			"y": 0.5,
			"z": 0.5
		}
	}
}