{
	"ready_sim" : 
	{
		"orientation" : 
		{
			"w" : 3.2004117663522442e-12,
			"x" : 0.92395569946894829,
			"y" : -0.38249949727920751,
			"z" : 1.3249325839005789e-12
		},
		"position" : 
		{
			"x" : 0.30701957005161057,
			"y" : -5.2213296156100663e-12,
			"z" : 0.59026955827664451
		}
	}
}
