{
	"pick": {
		"orientation": {
			"w": 0.0011165212784453996,
			"x": -0.91301633279021988,
			"y": 0.40791434475201571,
			"z": 0.0024118010006996364
		},
		"position": {
			"x": 0.43570784287910369,
			"y": -0.016737223690794643,
			"z": 0.24721541985590001
		}
	},
	"place": {
		"orientation": {
			"w": 0.021711996183514347,
			"x": -0.93848850346365875,
			"y": 0.34452085551873735,
			"z": -0.0085614368482424107
		},
		"position": {
			"x": 0.71535353673598778,
			"y": -0.0034620518528274587,
			"z": 0.29555870519436123
		}
	},
	"ready": {
		"orientation": {
			"w": 3.2004117663522442e-12,
			"x": 0.92395569946894829,
			"y": -0.38249949727920751,
			"z": 1.3249325839005789e-12
		},
		"position": {
			"x": 0.30701957005161057,
			"y": -5.2213296156100663e-12,
			"z": 0.59026955827664451
		}
	}
}